Workbook

Sheet Instructions
A1: Project Effort Tracker - How to use this workbook
A3: This workbook has 5 tabs:
A5: 1. Resources - Master list of all developers and QA (onshore + offshore). Fill this in first (up to 50 rows ready, add more if needed).
A6: 2. Jira Tickets - Master list of all ~50 Jira tickets / scope items. Fill this in second.
A7: 3. Effort Log - The DAILY ENTRY sheet. Each resource adds one row per ticket per day they worked on it. Location and Role auto-fill from the Resources list once you pick a Resource Name. Multiple people can log the same ticket on the same day (that's expected).
A8: 4. Daily Tracker Matrix - Auto-calculated. Shows total hours logged per resource per day (July 3 - Aug 4). Cells highlighted RED mean that resource logged ZERO hours that day, so you can chase missing entries every morning.
A9: 5. Ticket Summary - Auto-calculated. Total effort per Jira ticket across all resources and dates.
A11: Only edit cells shaded YELLOW. Everything else is a formula and will break if overwritten.
A13: To add a resource or ticket: insert a new row in the Resources / Jira Tickets sheet within the existing table range so the dropdowns in Effort Log keep working (or extend the named ranges if you add beyond row 51).

Sheet Resources
A1: Resource Name | B1: Location (Onshore/Offshore) | C1: Role (Dev/QA)
A2: Amit Sharma | B2: Offshore | C2: Dev
A3: Priya Nair | B3: Offshore | C3: QA
A4: John Miller | B4: Onshore | C4: Dev
A5: Sara Lopez | B5: Onshore | C5: QA

Sheet Jira Tickets
A1: Jira Ticket | B1: Scope Item / Task Description
A2: PROJ-101 | B2: Build room mapping ingestion service
A3: PROJ-102 | B3: QA regression for booking flow
A4: PROJ-103 | B4: API contract review

Sheet Effort Log
A1: Date | B1: Resource Name | C1: Location | D1: Role | E1: Jira Ticket | F1: Effort (Hours) | G1: Comments
A2: 46206 | B2: Amit Sharma | C2: =IFERROR(INDEX(Resources!$B$2:$B$51,MATCH(B2,Resources!$A$2:$A$51,0)),"") -> Offshore | D2: =IFERROR(INDEX(Resources!$C$2:$C$51,MATCH(B2,Resources!$A$2:$A$51,0)),"") -> Dev | E2: PROJ-101 | F2: 6 | G2: Initial setup
A3: 46206 | B3: Priya Nair | C3: =IFERROR(INDEX(Resources!$B$2:$B$51,MATCH(B3,Resources!$A$2:$A$51,0)),"") -> Offshore | D3: =IFERROR(INDEX(Resources!$C$2:$C$51,MATCH(B3,Resources!$A$2:$A$51,0)),"") -> QA | E3: PROJ-102 | F3: 4 | G3: Test case prep
A4: 46206 | B4: John Miller | C4: =IFERROR(INDEX(Resources!$B$2:$B$51,MATCH(B4,Resources!$A$2:$A$51,0)),"") -> Onshore | D4: =IFERROR(INDEX(Resources!$C$2:$C$51,MATCH(B4,Resources!$A$2:$A$51,0)),"") -> Dev | E4: PROJ-101 | F4: 3 | G4: Code review support
C5: =IFERROR(INDEX(Resources!$B$2:$B$51,MATCH(B5,Resources!$A$2:$A$51,0)),"") | D5: =IFERROR(INDEX(Resources!$C$2:$C$51,MATCH(B5,Resources!$A$2:$A$51,0)),"")
C6: =IFERROR(INDEX(Resources!$B$2:$B$51,MATCH(B6,Resources!$A$2:$A$51,0)),"") | D6: =IFERROR(INDEX(Resources!$C$2:$C$51,MATCH(B6,Resources!$A$2:$A$51,0)),"")
C7: =IFERROR(INDEX(Resources!$B$2:$B$51,MATCH(B7,Resources!$A$2:$A$51,0)),"") | D7: =IFERROR(INDEX(Resources!$C$2:$C$51,MATCH(B7,Resources!$A$2:$A$51,0)),"")
C8: =IFERROR(INDEX(Resources!$B$2:$B$51,MATCH(B8,Resources!$A$2:$A$51,0)),"") | D8: =IFERROR(INDEX(Resources!$C$2:$C$51,MATCH(B8,Resources!$A$2:$A$51,0)),"")
C9: =IFERROR(INDEX(Resources!$B$2:$B$51,MATCH(B9,Resources!$A$2:$A$51,0)),"") | D9: =IFERROR(INDEX(Resources!$C$2:$C$51,MATCH(B9,Resources!$A$2:$A$51,0)),"")
C10: =IFERROR(INDEX(Resources!$B$2:$B$51,MATCH(B10,Resources!$A$2:$A$51,0)),"") | D10: =IFERROR(INDEX(Resources!$C$2:$C$51,MATCH(B10,Resources!$A$2:$A$51,0)),"")
C11: =IFERROR(INDEX(Resources!$B$2:$B$51,MATCH(B11,Resources!$A$2:$A$51,0)),"") | D11: =IFERROR(INDEX(Resources!$C$2:$C$51,MATCH(B11,Resources!$A$2:$A$51,0)),"")
C12: =IFERROR(INDEX(Resources!$B$2:$B$51,MATCH(B12,Resources!$A$2:$A$51,0)),"") | D12: =IFERROR(INDEX(Resources!$C$2:$C$51,MATCH(B12,Resources!$A$2:$A$51,0)),"")
C13: =IFERROR(INDEX(Resources!$B$2:$B$51,MATCH(B13,Resources!$A$2:$A$51,0)),"") | D13: =IFERROR(INDEX(Resources!$C$2:$C$51,MATCH(B13,Resources!$A$2:$A$51,0)),"")
C14: =IFERROR(INDEX(Resources!$B$2:$B$51,MATCH(B14,Resources!$A$2:$A$51,0)),"") | D14: =IFERROR(INDEX(Resources!$C$2:$C$51,MATCH(B14,Resources!$A$2:$A$51,0)),"")
C15: =IFERROR(INDEX(Resources!$B$2:$B$51,MATCH(B15,Resources!$A$2:$A$51,0)),"") | D15: =IFERROR(INDEX(Resources!$C$2:$C$51,MATCH(B15,Resources!$A$2:$A$51,0)),"")
C16: =IFERROR(INDEX(Resources!$B$2:$B$51,MATCH(B16,Resources!$A$2:$A$51,0)),"") | D16: =IFERROR(INDEX(Resources!$C$2:$C$51,MATCH(B16,Resources!$A$2:$A$51,0)),"")
... C1001: =IFERROR(INDEX(Resources!$B$2:$B$51,MATCH(B1001,Resources!$A$2:$A$51,0)),"") | D1001: =IFERROR(INDEX(Resources!$C$2:$C$51,MATCH(B1001,Resources!$A$2:$A$51,0)),"")

Sheet Daily Tracker Matrix
A1: Resource Name | B1: Location | C1: Role | D1: 46206 | E1: 46207 | F1: 46208 | G1: 46209 | H1: 46210 | I1: 46211 | J1: 46212 | K1: 46213 | L1: 46214 | M1: 46215 | N1: 46216 | O1: 46217 | P1: 46218 | Q1: 46219 | R1: 46220 | S1: 46221 | T1: 46222 | U1: 46223 | V1: 46224 | W1: 46225 | X1: 46226 | Y1: 46227 | Z1: 46228 | AA1: 46229 | AB1: 46230 | AC1: 46231 | AD1: 46232 | AE1: 46233 | AF1: 46234 | AG1: 46235 | AH1: 46236 | AI1: 46237 | AJ1: 46238
A2: =IFERROR(INDEX(Resources!$A$2:$A$51,ROW()-1),"") -> Amit Sharma | B2: =IFERROR(INDEX(Resources!$B$2:$B$51,ROW()-1),"") -> Offshore | C2: =IFERROR(INDEX(Resources!$C$2:$C$51,ROW()-1),"") -> Dev | D2: =IF($A2="","",SUMIFS('Effort Log'!$F$2:$F$1001,'Effort Log'!$B$2:$B$1001,$A2,'Effort Log'!$A$2:$A$1001,D$1)) -> 6 | E2: =IF($A2="","",SUMIFS('Effort Log'!$F$2:$F$1001,'Effort Log'!$B$2:$B$1001,$A2,'Effort Log'!$A$2:$A$1001,E$1)) -> 0 | F2: =IF($A2="","",SUMIFS('Effort Log'!$F$2:$F$1001,'Effort Log'!$B$2:$B$1001,$A2,'Effort Log'!$A$2:$A$1001,F$1)) -> 0 | G2: =IF($A2="","",SUMIFS('Effort Log'!$F$2:$F$1001,'Effort Log'!$B$2:$B$1001,$A2,'Effort Log'!$A$2:$A$1001,G$1)) -> 0 | H2: =IF($A2="","",SUMIFS('Effort Log'!$F$2:$F$1001,'Effort Log'!$B$2:$B$1001,$A2,'Effort Log'!$A$2:$A$1001,H$1)) -> 0 | I2: =IF($A2="","",SUMIFS('Effort Log'!$F$2:$F$1001,'Effort Log'!$B$2:$B$1001,$A2,'Effort Log'!$A$2:$A$1001,I$1)) -> 0 | J2: =IF($A2="","",SUMIFS('Effort Log'!$F$2:$F$1001,'Effort Log'!$B$2:$B$1001,$A2,'Effort Log'!$A$2:$A$1001,J$1)) -> 0 | K2: =IF($A2="","",SUMIFS('Effort Log'!$F$2:$F$1001,'Effort Log'!$B$2:$B$1001,$A2,'Effort Log'!$A$2:$A$1001,K$1)) -> 0 | ... AJ2: =IF($A2="","",SUMIFS('Effort Log'!$F$2:$F$1001,'Effort Log'!$B$2:$B$1001,$A2,'Effort Log'!$A$2:$A$1001,AJ$1)) -> 0
A3: =IFERROR(INDEX(Resources!$A$2:$A$51,ROW()-1),"") -> Priya Nair | B3: =IFERROR(INDEX(Resources!$B$2:$B$51,ROW()-1),"") -> Offshore | C3: =IFERROR(INDEX(Resources!$C$2:$C$51,ROW()-1),"") -> QA | D3: =IF($A3="","",SUMIFS('Effort Log'!$F$2:$F$1001,'Effort Log'!$B$2:$B$1001,$A3,'Effort Log'!$A$2:$A$1001,D$1)) -> 4 | E3: =IF($A3="","",SUMIFS('Effort Log'!$F$2:$F$1001,'Effort Log'!$B$2:$B$1001,$A3,'Effort Log'!$A$2:$A$1001,E$1)) -> 0 | F3: =IF($A3="","",SUMIFS('Effort Log'!$F$2:$F$1001,'Effort Log'!$B$2:$B$1001,$A3,'Effort Log'!$A$2:$A$1001,F$1)) -> 0 | G3: =IF($A3="","",SUMIFS('Effort Log'!$F$2:$F$1001,'Effort Log'!$B$2:$B$1001,$A3,'Effort Log'!$A$2:$A$1001,G$1)) -> 0 | H3: =IF($A3="","",SUMIFS('Effort Log'!$F$2:$F$1001,'Effort Log'!$B$2:$B$1001,$A3,'Effort Log'!$A$2:$A$1001,H$1)) -> 0 | I3: =IF($A3="","",SUMIFS('Effort Log'!$F$2:$F$1001,'Effort Log'!$B$2:$B$1001,$A3,'Effort Log'!$A$2:$A$1001,I$1)) -> 0 | J3: =IF($A3="","",SUMIFS('Effort Log'!$F$2:$F$1001,'Effort Log'!$B$2:$B$1001,$A3,'Effort Log'!$A$2:$A$1001,J$1)) -> 0 | K3: =IF($A3="","",SUMIFS('Effort Log'!$F$2:$F$1001,'Effort Log'!$B$2:$B$1001,$A3,'Effort Log'!$A$2:$A$1001,K$1)) -> 0 | ... AJ3: =IF($A3="","",SUMIFS('Effort Log'!$F$2:$F$1001,'Effort Log'!$B$2:$B$1001,$A3,'Effort Log'!$A$2:$A$1001,AJ$1)) -> 0
A4: =IFERROR(INDEX(Resources!$A$2:$A$51,ROW()-1),"") -> John Miller | B4: =IFERROR(INDEX(Resources!$B$2:$B$51,ROW()-1),"") -> Onshore | C4: =IFERROR(INDEX(Resources!$C$2:$C$51,ROW()-1),"") -> Dev | D4: =IF($A4="","",SUMIFS('Effort Log'!$F$2:$F$1001,'Effort Log'!$B$2:$B$1001,$A4,'Effort Log'!$A$2:$A$1001,D$1)) -> 3 | E4: =IF($A4="","",SUMIFS('Effort Log'!$F$2:$F$1001,'Effort Log'!$B$2:$B$1001,$A4,'Effort Log'!$A$2:$A$1001,E$1)) -> 0 | F4: =IF($A4="","",SUMIFS('Effort Log'!$F$2:$F$1001,'Effort Log'!$B$2:$B$1001,$A4,'Effort Log'!$A$2:$A$1001,F$1)) -> 0 | G4: =IF($A4="","",SUMIFS('Effort Log'!$F$2:$F$1001,'Effort Log'!$B$2:$B$1001,$A4,'Effort Log'!$A$2:$A$1001,G$1)) -> 0 | H4: =IF($A4="","",SUMIFS('Effort Log'!$F$2:$F$1001,'Effort Log'!$B$2:$B$1001,$A4,'Effort Log'!$A$2:$A$1001,H$1)) -> 0 | I4: =IF($A4="","",SUMIFS('Effort Log'!$F$2:$F$1001,'Effort Log'!$B$2:$B$1001,$A4,'Effort Log'!$A$2:$A$1001,I$1)) -> 0 | J4: =IF($A4="","",SUMIFS('Effort Log'!$F$2:$F$1001,'Effort Log'!$B$2:$B$1001,$A4,'Effort Log'!$A$2:$A$1001,J$1)) -> 0 | K4: =IF($A4="","",SUMIFS('Effort Log'!$F$2:$F$1001,'Effort Log'!$B$2:$B$1001,$A4,'Effort Log'!$A$2:$A$1001,K$1)) -> 0 | ... AJ4: =IF($A4="","",SUMIFS('Effort Log'!$F$2:$F$1001,'Effort Log'!$B$2:$B$1001,$A4,'Effort Log'!$A$2:$A$1001,AJ$1)) -> 0
A5: =IFERROR(INDEX(Resources!$A$2:$A$51,ROW()-1),"") -> Sara Lopez | B5: =IFERROR(INDEX(Resources!$B$2:$B$51,ROW()-1),"") -> Onshore | C5: =IFERROR(INDEX(Resources!$C$2:$C$51,ROW()-1),"") -> QA | D5: =IF($A5="","",SUMIFS('Effort Log'!$F$2:$F$1001,'Effort Log'!$B$2:$B$1001,$A5,'Effort Log'!$A$2:$A$1001,D$1)) -> 0 | E5: =IF($A5="","",SUMIFS('Effort Log'!$F$2:$F$1001,'Effort Log'!$B$2:$B$1001,$A5,'Effort Log'!$A$2:$A$1001,E$1)) -> 0 | F5: =IF($A5="","",SUMIFS('Effort Log'!$F$2:$F$1001,'Effort Log'!$B$2:$B$1001,$A5,'Effort Log'!$A$2:$A$1001,F$1)) -> 0 | G5: =IF($A5="","",SUMIFS('Effort Log'!$F$2:$F$1001,'Effort Log'!$B$2:$B$1001,$A5,'Effort Log'!$A$2:$A$1001,G$1)) -> 0 | H5: =IF($A5="","",SUMIFS('Effort Log'!$F$2:$F$1001,'Effort Log'!$B$2:$B$1001,$A5,'Effort Log'!$A$2:$A$1001,H$1)) -> 0 | I5: =IF($A5="","",SUMIFS('Effort Log'!$F$2:$F$1001,'Effort Log'!$B$2:$B$1001,$A5,'Effort Log'!$A$2:$A$1001,I$1)) -> 0 | J5: =IF($A5="","",SUMIFS('Effort Log'!$F$2:$F$1001,'Effort Log'!$B$2:$B$1001,$A5,'Effort Log'!$A$2:$A$1001,J$1)) -> 0 | K5: =IF($A5="","",SUMIFS('Effort Log'!$F$2:$F$1001,'Effort Log'!$B$2:$B$1001,$A5,'Effort Log'!$A$2:$A$1001,K$1)) -> 0 | ... AJ5: =IF($A5="","",SUMIFS('Effort Log'!$F$2:$F$1001,'Effort Log'!$B$2:$B$1001,$A5,'Effort Log'!$A$2:$A$1001,AJ$1)) -> 0
A6: =IFERROR(INDEX(Resources!$A$2:$A$51,ROW()-1),"") -> 0 | B6: =IFERROR(INDEX(Resources!$B$2:$B$51,ROW()-1),"") -> 0 | C6: =IFERROR(INDEX(Resources!$C$2:$C$51,ROW()-1),"") -> 0 | D6: =IF($A6="","",SUMIFS('Effort Log'!$F$2:$F$1001,'Effort Log'!$B$2:$B$1001,$A6,'Effort Log'!$A$2:$A$1001,D$1)) | E6: =IF($A6="","",SUMIFS('Effort Log'!$F$2:$F$1001,'Effort Log'!$B$2:$B$1001,$A6,'Effort Log'!$A$2:$A$1001,E$1)) | F6: =IF($A6="","",SUMIFS('Effort Log'!$F$2:$F$1001,'Effort Log'!$B$2:$B$1001,$A6,'Effort Log'!$A$2:$A$1001,F$1)) | G6: =IF($A6="","",SUMIFS('Effort Log'!$F$2:$F$1001,'Effort Log'!$B$2:$B$1001,$A6,'Effort Log'!$A$2:$A$1001,G$1)) | H6: =IF($A6="","",SUMIFS('Effort Log'!$F$2:$F$1001,'Effort Log'!$B$2:$B$1001,$A6,'Effort Log'!$A$2:$A$1001,H$1)) | I6: =IF($A6="","",SUMIFS('Effort Log'!$F$2:$F$1001,'Effort Log'!$B$2:$B$1001,$A6,'Effort Log'!$A$2:$A$1001,I$1)) | J6: =IF($A6="","",SUMIFS('Effort Log'!$F$2:$F$1001,'Effort Log'!$B$2:$B$1001,$A6,'Effort Log'!$A$2:$A$1001,J$1)) | K6: =IF($A6="","",SUMIFS('Effort Log'!$F$2:$F$1001,'Effort Log'!$B$2:$B$1001,$A6,'Effort Log'!$A$2:$A$1001,K$1)) | ... AJ6: =IF($A6="","",SUMIFS('Effort Log'!$F$2:$F$1001,'Effort Log'!$B$2:$B$1001,$A6,'Effort Log'!$A$2:$A$1001,AJ$1))
A7: =IFERROR(INDEX(Resources!$A$2:$A$51,ROW()-1),"") -> 0 | B7: =IFERROR(INDEX(Resources!$B$2:$B$51,ROW()-1),"") -> 0 | C7: =IFERROR(INDEX(Resources!$C$2:$C$51,ROW()-1),"") -> 0 | D7: =IF($A7="","",SUMIFS('Effort Log'!$F$2:$F$1001,'Effort Log'!$B$2:$B$1001,$A7,'Effort Log'!$A$2:$A$1001,D$1)) | E7: =IF($A7="","",SUMIFS('Effort Log'!$F$2:$F$1001,'Effort Log'!$B$2:$B$1001,$A7,'Effort Log'!$A$2:$A$1001,E$1)) | F7: =IF($A7="","",SUMIFS('Effort Log'!$F$2:$F$1001,'Effort Log'!$B$2:$B$1001,$A7,'Effort Log'!$A$2:$A$1001,F$1)) | G7: =IF($A7="","",SUMIFS('Effort Log'!$F$2:$F$1001,'Effort Log'!$B$2:$B$1001,$A7,'Effort Log'!$A$2:$A$1001,G$1)) | H7: =IF($A7="","",SUMIFS('Effort Log'!$F$2:$F$1001,'Effort Log'!$B$2:$B$1001,$A7,'Effort Log'!$A$2:$A$1001,H$1)) | I7: =IF($A7="","",SUMIFS('Effort Log'!$F$2:$F$1001,'Effort Log'!$B$2:$B$1001,$A7,'Effort Log'!$A$2:$A$1001,I$1)) | J7: =IF($A7="","",SUMIFS('Effort Log'!$F$2:$F$1001,'Effort Log'!$B$2:$B$1001,$A7,'Effort Log'!$A$2:$A$1001,J$1)) | K7: =IF($A7="","",SUMIFS('Effort Log'!$F$2:$F$1001,'Effort Log'!$B$2:$B$1001,$A7,'Effort Log'!$A$2:$A$1001,K$1)) | ... AJ7: =IF($A7="","",SUMIFS('Effort Log'!$F$2:$F$1001,'Effort Log'!$B$2:$B$1001,$A7,'Effort Log'!$A$2:$A$1001,AJ$1))
A8: =IFERROR(INDEX(Resources!$A$2:$A$51,ROW()-1),"") -> 0 | B8: =IFERROR(INDEX(Resources!$B$2:$B$51,ROW()-1),"") -> 0 | C8: =IFERROR(INDEX(Resources!$C$2:$C$51,ROW()-1),"") -> 0 | D8: =IF($A8="","",SUMIFS('Effort Log'!$F$2:$F$1001,'Effort Log'!$B$2:$B$1001,$A8,'Effort Log'!$A$2:$A$1001,D$1)) | E8: =IF($A8="","",SUMIFS('Effort Log'!$F$2:$F$1001,'Effort Log'!$B$2:$B$1001,$A8,'Effort Log'!$A$2:$A$1001,E$1)) | F8: =IF($A8="","",SUMIFS('Effort Log'!$F$2:$F$1001,'Effort Log'!$B$2:$B$1001,$A8,'Effort Log'!$A$2:$A$1001,F$1)) | G8: =IF($A8="","",SUMIFS('Effort Log'!$F$2:$F$1001,'Effort Log'!$B$2:$B$1001,$A8,'Effort Log'!$A$2:$A$1001,G$1)) | H8: =IF($A8="","",SUMIFS('Effort Log'!$F$2:$F$1001,'Effort Log'!$B$2:$B$1001,$A8,'Effort Log'!$A$2:$A$1001,H$1)) | I8: =IF($A8="","",SUMIFS('Effort Log'!$F$2:$F$1001,'Effort Log'!$B$2:$B$1001,$A8,'Effort Log'!$A$2:$A$1001,I$1)) | J8: =IF($A8="","",SUMIFS('Effort Log'!$F$2:$F$1001,'Effort Log'!$B$2:$B$1001,$A8,'Effort Log'!$A$2:$A$1001,J$1)) | K8: =IF($A8="","",SUMIFS('Effort Log'!$F$2:$F$1001,'Effort Log'!$B$2:$B$1001,$A8,'Effort Log'!$A$2:$A$1001,K$1)) | ... AJ8: =IF($A8="","",SUMIFS('Effort Log'!$F$2:$F$1001,'Effort Log'!$B$2:$B$1001,$A8,'Effort Log'!$A$2:$A$1001,AJ$1))
A9: =IFERROR(INDEX(Resources!$A$2:$A$51,ROW()-1),"") -> 0 | B9: =IFERROR(INDEX(Resources!$B$2:$B$51,ROW()-1),"") -> 0 | C9: =IFERROR(INDEX(Resources!$C$2:$C$51,ROW()-1),"") -> 0 | D9: =IF($A9="","",SUMIFS('Effort Log'!$F$2:$F$1001,'Effort Log'!$B$2:$B$1001,$A9,'Effort Log'!$A$2:$A$1001,D$1)) | E9: =IF($A9="","",SUMIFS('Effort Log'!$F$2:$F$1001,'Effort Log'!$B$2:$B$1001,$A9,'Effort Log'!$A$2:$A$1001,E$1)) | F9: =IF($A9="","",SUMIFS('Effort Log'!$F$2:$F$1001,'Effort Log'!$B$2:$B$1001,$A9,'Effort Log'!$A$2:$A$1001,F$1)) | G9: =IF($A9="","",SUMIFS('Effort Log'!$F$2:$F$1001,'Effort Log'!$B$2:$B$1001,$A9,'Effort Log'!$A$2:$A$1001,G$1)) | H9: =IF($A9="","",SUMIFS('Effort Log'!$F$2:$F$1001,'Effort Log'!$B$2:$B$1001,$A9,'Effort Log'!$A$2:$A$1001,H$1)) | I9: =IF($A9="","",SUMIFS('Effort Log'!$F$2:$F$1001,'Effort Log'!$B$2:$B$1001,$A9,'Effort Log'!$A$2:$A$1001,I$1)) | J9: =IF($A9="","",SUMIFS('Effort Log'!$F$2:$F$1001,'Effort Log'!$B$2:$B$1001,$A9,'Effort Log'!$A$2:$A$1001,J$1)) | K9: =IF($A9="","",SUMIFS('Effort Log'!$F$2:$F$1001,'Effort Log'!$B$2:$B$1001,$A9,'Effort Log'!$A$2:$A$1001,K$1)) | ... AJ9: =IF($A9="","",SUMIFS('Effort Log'!$F$2:$F$1001,'Effort Log'!$B$2:$B$1001,$A9,'Effort Log'!$A$2:$A$1001,AJ$1))
A10: =IFERROR(INDEX(Resources!$A$2:$A$51,ROW()-1),"") -> 0 | B10: =IFERROR(INDEX(Resources!$B$2:$B$51,ROW()-1),"") -> 0 | C10: =IFERROR(INDEX(Resources!$C$2:$C$51,ROW()-1),"") -> 0 | D10: =IF($A10="","",SUMIFS('Effort Log'!$F$2:$F$1001,'Effort Log'!$B$2:$B$1001,$A10,'Effort Log'!$A$2:$A$1001,D$1)) | E10: =IF($A10="","",SUMIFS('Effort Log'!$F$2:$F$1001,'Effort Log'!$B$2:$B$1001,$A10,'Effort Log'!$A$2:$A$1001,E$1)) | F10: =IF($A10="","",SUMIFS('Effort Log'!$F$2:$F$1001,'Effort Log'!$B$2:$B$1001,$A10,'Effort Log'!$A$2:$A$1001,F$1)) | G10: =IF($A10="","",SUMIFS('Effort Log'!$F$2:$F$1001,'Effort Log'!$B$2:$B$1001,$A10,'Effort Log'!$A$2:$A$1001,G$1)) | H10: =IF($A10="","",SUMIFS('Effort Log'!$F$2:$F$1001,'Effort Log'!$B$2:$B$1001,$A10,'Effort Log'!$A$2:$A$1001,H$1)) | I10: =IF($A10="","",SUMIFS('Effort Log'!$F$2:$F$1001,'Effort Log'!$B$2:$B$1001,$A10,'Effort Log'!$A$2:$A$1001,I$1)) | J10: =IF($A10="","",SUMIFS('Effort Log'!$F$2:$F$1001,'Effort Log'!$B$2:$B$1001,$A10,'Effort Log'!$A$2:$A$1001,J$1)) | K10: =IF($A10="","",SUMIFS('Effort Log'!$F$2:$F$1001,'Effort Log'!$B$2:$B$1001,$A10,'Effort Log'!$A$2:$A$1001,K$1)) | ... AJ10: =IF($A10="","",SUMIFS('Effort Log'!$F$2:$F$1001,'Effort Log'!$B$2:$B$1001,$A10,'Effort Log'!$A$2:$A$1001,AJ$1))
A11: =IFERROR(INDEX(Resources!$A$2:$A$51,ROW()-1),"") -> 0 | B11: =IFERROR(INDEX(Resources!$B$2:$B$51,ROW()-1),"") -> 0 | C11: =IFERROR(INDEX(Resources!$C$2:$C$51,ROW()-1),"") -> 0 | D11: =IF($A11="","",SUMIFS('Effort Log'!$F$2:$F$1001,'Effort Log'!$B$2:$B$1001,$A11,'Effort Log'!$A$2:$A$1001,D$1)) | E11: =IF($A11="","",SUMIFS('Effort Log'!$F$2:$F$1001,'Effort Log'!$B$2:$B$1001,$A11,'Effort Log'!$A$2:$A$1001,E$1)) | F11: =IF($A11="","",SUMIFS('Effort Log'!$F$2:$F$1001,'Effort Log'!$B$2:$B$1001,$A11,'Effort Log'!$A$2:$A$1001,F$1)) | G11: =IF($A11="","",SUMIFS('Effort Log'!$F$2:$F$1001,'Effort Log'!$B$2:$B$1001,$A11,'Effort Log'!$A$2:$A$1001,G$1)) | H11: =IF($A11="","",SUMIFS('Effort Log'!$F$2:$F$1001,'Effort Log'!$B$2:$B$1001,$A11,'Effort Log'!$A$2:$A$1001,H$1)) | I11: =IF($A11="","",SUMIFS('Effort Log'!$F$2:$F$1001,'Effort Log'!$B$2:$B$1001,$A11,'Effort Log'!$A$2:$A$1001,I$1)) | J11: =IF($A11="","",SUMIFS('Effort Log'!$F$2:$F$1001,'Effort Log'!$B$2:$B$1001,$A11,'Effort Log'!$A$2:$A$1001,J$1)) | K11: =IF($A11="","",SUMIFS('Effort Log'!$F$2:$F$1001,'Effort Log'!$B$2:$B$1001,$A11,'Effort Log'!$A$2:$A$1001,K$1)) | ... AJ11: =IF($A11="","",SUMIFS('Effort Log'!$F$2:$F$1001,'Effort Log'!$B$2:$B$1001,$A11,'Effort Log'!$A$2:$A$1001,AJ$1))
A12: =IFERROR(INDEX(Resources!$A$2:$A$51,ROW()-1),"") -> 0 | B12: =IFERROR(INDEX(Resources!$B$2:$B$51,ROW()-1),"") -> 0 | C12: =IFERROR(INDEX(Resources!$C$2:$C$51,ROW()-1),"") -> 0 | D12: =IF($A12="","",SUMIFS('Effort Log'!$F$2:$F$1001,'Effort Log'!$B$2:$B$1001,$A12,'Effort Log'!$A$2:$A$1001,D$1)) | E12: =IF($A12="","",SUMIFS('Effort Log'!$F$2:$F$1001,'Effort Log'!$B$2:$B$1001,$A12,'Effort Log'!$A$2:$A$1001,E$1)) | F12: =IF($A12="","",SUMIFS('Effort Log'!$F$2:$F$1001,'Effort Log'!$B$2:$B$1001,$A12,'Effort Log'!$A$2:$A$1001,F$1)) | G12: =IF($A12="","",SUMIFS('Effort Log'!$F$2:$F$1001,'Effort Log'!$B$2:$B$1001,$A12,'Effort Log'!$A$2:$A$1001,G$1)) | H12: =IF($A12="","",SUMIFS('Effort Log'!$F$2:$F$1001,'Effort Log'!$B$2:$B$1001,$A12,'Effort Log'!$A$2:$A$1001,H$1)) | I12: =IF($A12="","",SUMIFS('Effort Log'!$F$2:$F$1001,'Effort Log'!$B$2:$B$1001,$A12,'Effort Log'!$A$2:$A$1001,I$1)) | J12: =IF($A12="","",SUMIFS('Effort Log'!$F$2:$F$1001,'Effort Log'!$B$2:$B$1001,$A12,'Effort Log'!$A$2:$A$1001,J$1)) | K12: =IF($A12="","",SUMIFS('Effort Log'!$F$2:$F$1001,'Effort Log'!$B$2:$B$1001,$A12,'Effort Log'!$A$2:$A$1001,K$1)) | ... AJ12: =IF($A12="","",SUMIFS('Effort Log'!$F$2:$F$1001,'Effort Log'!$B$2:$B$1001,$A12,'Effort Log'!$A$2:$A$1001,AJ$1))
A13: =IFERROR(INDEX(Resources!$A$2:$A$51,ROW()-1),"") -> 0 | B13: =IFERROR(INDEX(Resources!$B$2:$B$51,ROW()-1),"") -> 0 | C13: =IFERROR(INDEX(Resources!$C$2:$C$51,ROW()-1),"") -> 0 | D13: =IF($A13="","",SUMIFS('Effort Log'!$F$2:$F$1001,'Effort Log'!$B$2:$B$1001,$A13,'Effort Log'!$A$2:$A$1001,D$1)) | E13: =IF($A13="","",SUMIFS('Effort Log'!$F$2:$F$1001,'Effort Log'!$B$2:$B$1001,$A13,'Effort Log'!$A$2:$A$1001,E$1)) | F13: =IF($A13="","",SUMIFS('Effort Log'!$F$2:$F$1001,'Effort Log'!$B$2:$B$1001,$A13,'Effort Log'!$A$2:$A$1001,F$1)) | G13: =IF($A13="","",SUMIFS('Effort Log'!$F$2:$F$1001,'Effort Log'!$B$2:$B$1001,$A13,'Effort Log'!$A$2:$A$1001,G$1)) | H13: =IF($A13="","",SUMIFS('Effort Log'!$F$2:$F$1001,'Effort Log'!$B$2:$B$1001,$A13,'Effort Log'!$A$2:$A$1001,H$1)) | I13: =IF($A13="","",SUMIFS('Effort Log'!$F$2:$F$1001,'Effort Log'!$B$2:$B$1001,$A13,'Effort Log'!$A$2:$A$1001,I$1)) | J13: =IF($A13="","",SUMIFS('Effort Log'!$F$2:$F$1001,'Effort Log'!$B$2:$B$1001,$A13,'Effort Log'!$A$2:$A$1001,J$1)) | K13: =IF($A13="","",SUMIFS('Effort Log'!$F$2:$F$1001,'Effort Log'!$B$2:$B$1001,$A13,'Effort Log'!$A$2:$A$1001,K$1)) | ... AJ13: =IF($A13="","",SUMIFS('Effort Log'!$F$2:$F$1001,'Effort Log'!$B$2:$B$1001,$A13,'Effort Log'!$A$2:$A$1001,AJ$1))
... A51: =IFERROR(INDEX(Resources!$A$2:$A$51,ROW()-1),"") -> 0 | B51: =IFERROR(INDEX(Resources!$B$2:$B$51,ROW()-1),"") -> 0 | C51: =IFERROR(INDEX(Resources!$C$2:$C$51,ROW()-1),"") -> 0 | D51: =IF($A51="","",SUMIFS('Effort Log'!$F$2:$F$1001,'Effort Log'!$B$2:$B$1001,$A51,'Effort Log'!$A$2:$A$1001,D$1)) | E51: =IF($A51="","",SUMIFS('Effort Log'!$F$2:$F$1001,'Effort Log'!$B$2:$B$1001,$A51,'Effort Log'!$A$2:$A$1001,E$1)) | F51: =IF($A51="","",SUMIFS('Effort Log'!$F$2:$F$1001,'Effort Log'!$B$2:$B$1001,$A51,'Effort Log'!$A$2:$A$1001,F$1)) | G51: =IF($A51="","",SUMIFS('Effort Log'!$F$2:$F$1001,'Effort Log'!$B$2:$B$1001,$A51,'Effort Log'!$A$2:$A$1001,G$1)) | H51: =IF($A51="","",SUMIFS('Effort Log'!$F$2:$F$1001,'Effort Log'!$B$2:$B$1001,$A51,'Effort Log'!$A$2:$A$1001,H$1)) | I51: =IF($A51="","",SUMIFS('Effort Log'!$F$2:$F$1001,'Effort Log'!$B$2:$B$1001,$A51,'Effort Log'!$A$2:$A$1001,I$1)) | J51: =IF($A51="","",SUMIFS('Effort Log'!$F$2:$F$1001,'Effort Log'!$B$2:$B$1001,$A51,'Effort Log'!$A$2:$A$1001,J$1)) | K51: =IF($A51="","",SUMIFS('Effort Log'!$F$2:$F$1001,'Effort Log'!$B$2:$B$1001,$A51,'Effort Log'!$A$2:$A$1001,K$1)) | ... AJ51: =IF($A51="","",SUMIFS('Effort Log'!$F$2:$F$1001,'Effort Log'!$B$2:$B$1001,$A51,'Effort Log'!$A$2:$A$1001,AJ$1))
A53: Legend: Green = hours logged that day. Red = resource exists in master list but logged 0 hours that day (chase this up). Blank = row not yet used for a resource.

Sheet Ticket Summary
A1: Jira Ticket | B1: Scope Item / Task Description | C1: Total Effort (Hours) | D1: # Resources Who Logged Time
A2: =IFERROR(INDEX('Jira Tickets'!$A$2:$A$51,ROW()-1),"") -> PROJ-101 | B2: =IFERROR(INDEX('Jira Tickets'!$B$2:$B$51,ROW()-1),"") -> Build room mapping ingestion service | C2: =IF($A2="","",SUMIFS('Effort Log'!$F$2:$F$1001,'Effort Log'!$E$2:$E$1001,$A2)) -> 9 | D2: =IF($A2="","",SUMPRODUCT((('Effort Log'!$E$2:$E$1001=$A2)*('Effort Log'!$B$2:$B$1001<>""))/COUNTIFS('Effort Log'!$E$2:$E$1001,'Effort Log'!$E$2:$E$1001&"",'Effort Log'!$B$2:$B$1001,'Effort Log'!$B$2:$B$1001&""))) -> 2
A3: =IFERROR(INDEX('Jira Tickets'!$A$2:$A$51,ROW()-1),"") -> PROJ-102 | B3: =IFERROR(INDEX('Jira Tickets'!$B$2:$B$51,ROW()-1),"") -> QA regression for booking flow | C3: =IF($A3="","",SUMIFS('Effort Log'!$F$2:$F$1001,'Effort Log'!$E$2:$E$1001,$A3)) -> 4 | D3: =IF($A3="","",SUMPRODUCT((('Effort Log'!$E$2:$E$1001=$A3)*('Effort Log'!$B$2:$B$1001<>""))/COUNTIFS('Effort Log'!$E$2:$E$1001,'Effort Log'!$E$2:$E$1001&"",'Effort Log'!$B$2:$B$1001,'Effort Log'!$B$2:$B$1001&""))) -> 1
A4: =IFERROR(INDEX('Jira Tickets'!$A$2:$A$51,ROW()-1),"") -> PROJ-103 | B4: =IFERROR(INDEX('Jira Tickets'!$B$2:$B$51,ROW()-1),"") -> API contract review | C4: =IF($A4="","",SUMIFS('Effort Log'!$F$2:$F$1001,'Effort Log'!$E$2:$E$1001,$A4)) -> 0 | D4: =IF($A4="","",SUMPRODUCT((('Effort Log'!$E$2:$E$1001=$A4)*('Effort Log'!$B$2:$B$1001<>""))/COUNTIFS('Effort Log'!$E$2:$E$1001,'Effort Log'!$E$2:$E$1001&"",'Effort Log'!$B$2:$B$1001,'Effort Log'!$B$2:$B$1001&""))) -> 0
A5: =IFERROR(INDEX('Jira Tickets'!$A$2:$A$51,ROW()-1),"") -> 0 | B5: =IFERROR(INDEX('Jira Tickets'!$B$2:$B$51,ROW()-1),"") -> 0 | C5: =IF($A5="","",SUMIFS('Effort Log'!$F$2:$F$1001,'Effort Log'!$E$2:$E$1001,$A5)) | D5: =IF($A5="","",SUMPRODUCT((('Effort Log'!$E$2:$E$1001=$A5)*('Effort Log'!$B$2:$B$1001<>""))/COUNTIFS('Effort Log'!$E$2:$E$1001,'Effort Log'!$E$2:$E$1001&"",'Effort Log'!$B$2:$B$1001,'Effort Log'!$B$2:$B$1001&"")))
A6: =IFERROR(INDEX('Jira Tickets'!$A$2:$A$51,ROW()-1),"") -> 0 | B6: =IFERROR(INDEX('Jira Tickets'!$B$2:$B$51,ROW()-1),"") -> 0 | C6: =IF($A6="","",SUMIFS('Effort Log'!$F$2:$F$1001,'Effort Log'!$E$2:$E$1001,$A6)) | D6: =IF($A6="","",SUMPRODUCT((('Effort Log'!$E$2:$E$1001=$A6)*('Effort Log'!$B$2:$B$1001<>""))/COUNTIFS('Effort Log'!$E$2:$E$1001,'Effort Log'!$E$2:$E$1001&"",'Effort Log'!$B$2:$B$1001,'Effort Log'!$B$2:$B$1001&"")))
A7: =IFERROR(INDEX('Jira Tickets'!$A$2:$A$51,ROW()-1),"") -> 0 | B7: =IFERROR(INDEX('Jira Tickets'!$B$2:$B$51,ROW()-1),"") -> 0 | C7: =IF($A7="","",SUMIFS('Effort Log'!$F$2:$F$1001,'Effort Log'!$E$2:$E$1001,$A7)) | D7: =IF($A7="","",SUMPRODUCT((('Effort Log'!$E$2:$E$1001=$A7)*('Effort Log'!$B$2:$B$1001<>""))/COUNTIFS('Effort Log'!$E$2:$E$1001,'Effort Log'!$E$2:$E$1001&"",'Effort Log'!$B$2:$B$1001,'Effort Log'!$B$2:$B$1001&"")))
A8: =IFERROR(INDEX('Jira Tickets'!$A$2:$A$51,ROW()-1),"") -> 0 | B8: =IFERROR(INDEX('Jira Tickets'!$B$2:$B$51,ROW()-1),"") -> 0 | C8: =IF($A8="","",SUMIFS('Effort Log'!$F$2:$F$1001,'Effort Log'!$E$2:$E$1001,$A8)) | D8: =IF($A8="","",SUMPRODUCT((('Effort Log'!$E$2:$E$1001=$A8)*('Effort Log'!$B$2:$B$1001<>""))/COUNTIFS('Effort Log'!$E$2:$E$1001,'Effort Log'!$E$2:$E$1001&"",'Effort Log'!$B$2:$B$1001,'Effort Log'!$B$2:$B$1001&"")))
A9: =IFERROR(INDEX('Jira Tickets'!$A$2:$A$51,ROW()-1),"") -> 0 | B9: =IFERROR(INDEX('Jira Tickets'!$B$2:$B$51,ROW()-1),"") -> 0 | C9: =IF($A9="","",SUMIFS('Effort Log'!$F$2:$F$1001,'Effort Log'!$E$2:$E$1001,$A9)) | D9: =IF($A9="","",SUMPRODUCT((('Effort Log'!$E$2:$E$1001=$A9)*('Effort Log'!$B$2:$B$1001<>""))/COUNTIFS('Effort Log'!$E$2:$E$1001,'Effort Log'!$E$2:$E$1001&"",'Effort Log'!$B$2:$B$1001,'Effort Log'!$B$2:$B$1001&"")))
A10: =IFERROR(INDEX('Jira Tickets'!$A$2:$A$51,ROW()-1),"") -> 0 | B10: =IFERROR(INDEX('Jira Tickets'!$B$2:$B$51,ROW()-1),"") -> 0 | C10: =IF($A10="","",SUMIFS('Effort Log'!$F$2:$F$1001,'Effort Log'!$E$2:$E$1001,$A10)) | D10: =IF($A10="","",SUMPRODUCT((('Effort Log'!$E$2:$E$1001=$A10)*('Effort Log'!$B$2:$B$1001<>""))/COUNTIFS('Effort Log'!$E$2:$E$1001,'Effort Log'!$E$2:$E$1001&"",'Effort Log'!$B$2:$B$1001,'Effort Log'!$B$2:$B$1001&"")))
A11: =IFERROR(INDEX('Jira Tickets'!$A$2:$A$51,ROW()-1),"") -> 0 | B11: =IFERROR(INDEX('Jira Tickets'!$B$2:$B$51,ROW()-1),"") -> 0 | C11: =IF($A11="","",SUMIFS('Effort Log'!$F$2:$F$1001,'Effort Log'!$E$2:$E$1001,$A11)) | D11: =IF($A11="","",SUMPRODUCT((('Effort Log'!$E$2:$E$1001=$A11)*('Effort Log'!$B$2:$B$1001<>""))/COUNTIFS('Effort Log'!$E$2:$E$1001,'Effort Log'!$E$2:$E$1001&"",'Effort Log'!$B$2:$B$1001,'Effort Log'!$B$2:$B$1001&"")))
A12: =IFERROR(INDEX('Jira Tickets'!$A$2:$A$51,ROW()-1),"") -> 0 | B12: =IFERROR(INDEX('Jira Tickets'!$B$2:$B$51,ROW()-1),"") -> 0 | C12: =IF($A12="","",SUMIFS('Effort Log'!$F$2:$F$1001,'Effort Log'!$E$2:$E$1001,$A12)) | D12: =IF($A12="","",SUMPRODUCT((('Effort Log'!$E$2:$E$1001=$A12)*('Effort Log'!$B$2:$B$1001<>""))/COUNTIFS('Effort Log'!$E$2:$E$1001,'Effort Log'!$E$2:$E$1001&"",'Effort Log'!$B$2:$B$1001,'Effort Log'!$B$2:$B$1001&"")))
A13: =IFERROR(INDEX('Jira Tickets'!$A$2:$A$51,ROW()-1),"") -> 0 | B13: =IFERROR(INDEX('Jira Tickets'!$B$2:$B$51,ROW()-1),"") -> 0 | C13: =IF($A13="","",SUMIFS('Effort Log'!$F$2:$F$1001,'Effort Log'!$E$2:$E$1001,$A13)) | D13: =IF($A13="","",SUMPRODUCT((('Effort Log'!$E$2:$E$1001=$A13)*('Effort Log'!$B$2:$B$1001<>""))/COUNTIFS('Effort Log'!$E$2:$E$1001,'Effort Log'!$E$2:$E$1001&"",'Effort Log'!$B$2:$B$1001,'Effort Log'!$B$2:$B$1001&"")))
... A51: =IFERROR(INDEX('Jira Tickets'!$A$2:$A$51,ROW()-1),"") -> 0 | B51: =IFERROR(INDEX('Jira Tickets'!$B$2:$B$51,ROW()-1),"") -> 0 | C51: =IF($A51="","",SUMIFS('Effort Log'!$F$2:$F$1001,'Effort Log'!$E$2:$E$1001,$A51)) | D51: =IF($A51="","",SUMPRODUCT((('Effort Log'!$E$2:$E$1001=$A51)*('Effort Log'!$B$2:$B$1001<>""))/COUNTIFS('Effort Log'!$E$2:$E$1001,'Effort Log'!$E$2:$E$1001&"",'Effort Log'!$B$2:$B$1001,'Effort Log'!$B$2:$B$1001&"")))
